address,latlong
Brighton MA,"42.3463503, -71.1626756"
East Cambridge MA,"42.3683353, -71.0824613"
Wellington-Harrington MA,"42.3712968, -71.0928603"
Allston MA,"42.3539038, -71.1337112"
The Port MA,"42.3670529, -71.0958314"
Allston Village MA,"42.3539038, -71.1337112"
Cambridgeport MA,"42.3595761, -71.1077157"
Chestnut Hill MA,"42.3303798, -71.166187"
Mid-Cambridge MA,"42.3736158, -71.1097335"
Cleveland Circle MA,"42.3361957, -71.1489867"
Riverside MA,"42.3373744, -71.2525991"
Union Square MA,"42.383678, -71.0958314"
Agassiz MA,"42.3800977, -71.1166286"
Oak Square MA,"42.3529759, -71.159705"
Neighborhood Nine MA,"42.3859361, -71.1299976"
Faneuil Square MA,"42.3597994, -71.0544602"
West Cambridge MA,"42.3774469, -71.1359393"
Lower Allston MA,"42.3625251, -71.1302586"
North Cambridge MA,"42.3964457, -71.1359393"
North Brighton MA,"42.3584304, -71.1383864"
Cambridge Highlands MA,"42.3889681, -71.1478223"
Packard's Corner MA,"42.3512369, -71.1285122"
Strawberry Hill MA,"42.3814129, -71.1522784"
Back Bay MA,"42.3502648, -71.0809757"
Copley Square MA,"42.3499136, -71.0762612"
Commonwealth Avenue Mall MA,"42.3511348, -71.0807919"
Newbury Street MA,"42.3493031, -71.0836457"
Bay Village MA,"42.3489568, -71.0698335"
Beacon Hill MA,"42.3587999, -71.0707389"
Louisburg Square MA,"42.3583597, -71.0688121"
Massachusetts State House MA,"42.3587772, -71.0638101"
Charlestown MA,"42.3782065, -71.0602131"
Bunker Hill MA,"42.3763541, -71.0607764"
The Neck MA,"42.2667662, -70.957825"
East Cambridge MA,"42.3683353, -71.0824613"
Charlestown Navy Yard MA,"42.3727294, -71.0531142"
Wellington-Harrington MA,"42.3712968, -71.0928603"
Hayes Square MA,"42.7741383, -71.0850514"
The Port MA,"42.3670529, -71.0958314"
City Square Park Charlestown MA,"42.3717925, -71.0618481"
Thompson Square MA,"42.3747916, -71.0646337"
Cambridgeport MA,"42.3595761, -71.1077157"
Mid-Cambridge MA,"42.3736158, -71.1097335"
Sullivan Square MA,"42.3842634, -71.0769997"
Riverside MA,"42.3373744, -71.2525991"
Chinatown MA,"42.3500641, -71.0624052"
Agassiz MA,"42.3800977, -71.1166286"
Dorchester MA,"42.3016305, -71.067605"
Adams Corner/Adams Village MA,"42.6068704, -73.0293025"
Neighborhood Nine MA,"42.3859361, -71.1299976"
Ashmont MA,"42.2830311, -71.063148"
West Cambridge MA,"42.3774469, -71.1359393"
North Cambridge MA,"42.3964457, -71.1359393"
Columbia Point MA,"42.3148523, -71.0354013"
Cedar Grove MA,"42.2777657, -71.0601767"
Cambridge Highlands MA,"42.3889681, -71.1478223"
Fields Corner MA,"42.3000984, -71.0578281"
Strawberry Hill MA,"42.3814129, -71.1522784"
Grove Hall MA,"42.3112092, -71.0744954"
Lower Mills MA,"42.2734949, -71.0684841"
Jones Hill MA,"42.313947, -71.063148"
Meeting House Hill MA,"42.3044363, -71.063148"
Neponset MA,"42.2909424, -71.0468053"
Popes Hill MA,"42.2917652, -71.0536613"
Port Norfolk MA,"42.2909424, -71.0468053"
Savin Hill MA,"42.309863, -71.0499572"
Uphams Corner MA,"42.3170249, -71.0651234"
Downtown Boston MA,"42.3554958, -71.0594338"
Financial District MA,"42.3559219, -71.0549768"
East Cambridge MA,"42.3683353, -71.0824613"
Downtown Crossing MA,"42.3554958, -71.0594338"
Wellington-Harrington MA,"42.3712968, -71.0928603"
Fort Hill Square MA,"42.3559813, -71.0522839"
The Port MA,"42.3670529, -71.0958314"
Government Center MA,"42.3604802, -71.0590624"
Cambridgeport MA,"42.3595761, -71.1077157"
Haymarket Square Boston MA,"42.3637009, -71.0583673"
Mid-Cambridge MA,"42.3736158, -71.1097335"
Post Office Square Boston MA,"42.3565143, -71.0558474"
Riverside MA,"42.3373744, -71.2525991"
South Station MA,"42.352057, -71.0551524"
Agassiz MA,"42.3800977, -71.1166286"
Boston Theater District MA,"42.3518662, -71.0642623"
Neighborhood Nine MA,"42.3859361, -71.1299976"
Waterfront MA,"42.3573021, -71.0508911"
West Cambridge MA,"42.3774469, -71.1359393"
East Boston MA,"42.3702137, -71.0388601"
North Cambridge MA,"42.3964457, -71.1359393"
Bennington Street MA,"42.3842364, -71.0141003"
Cambridge Highlands MA,"42.3889681, -71.1478223"
Central Square MA,"42.3652882, -71.1043591"
Strawberry Hill MA,"42.3814129, -71.1522784"
Chelsea Street MA,"42.379858, -71.0518819"
Jeffries Point MA,"42.3666974, -71.0338219"
Logan International Airport MA,"42.3656132, -71.0095602"
Maverick Square MA,"42.3692846, -71.039265"
Orient Heights MA,"42.386939, -71.0048351"
Fenway/Kenmore MA,"42.3428653, -71.1002881"
Audubon Circle MA,"42.3464843, -71.1047845"
Back Bay Fens MA,"42.3424659, -71.0942191"
Kenmore Square MA,"42.3489705, -71.0975491"
Boston University East MA,"42.3496736, -71.10422"
Longwood Medical Area MA,"42.3427282, -71.1099439"
4 Yawkey Way Boston MA,"42.3458436, -71.0987819"
East Cambridge MA,"42.3683353, -71.0824613"
Hyde Park MA,"42.2565289, -71.1240559"
Wellington-Harrington MA,"42.3712968, -71.0928603"
Readville MA,"42.2384918, -71.1299976"
Fairmount Hill MA,"42.249313, -71.1166286"
Cambridgeport MA,"42.3595761, -71.1077157"
Jamaica Plain MA,"42.3097365, -71.1151431"
Mid-Cambridge MA,"42.3736158, -71.1097335"
Hyde Square MA,"42.3234206, -71.1047446"
Riverside MA,"42.3373744, -71.2525991"
Forest Hills MA,"42.2925811, -71.1121722"
Agassiz MA,"42.3800977, -71.1166286"
Moss Hill Boston MA,"42.3090324, -71.1286154"
Neighborhood Nine MA,"42.3859361, -71.1299976"
Mattapan MA,"42.2771417, -71.0913748"
West Cambridge MA,"42.3774469, -71.1359393"
Wellington Hill MA,"42.2800275, -71.0943459"
North Cambridge MA,"42.3964457, -71.1359393"
Mid Dorchester MA,"42.3016305, -71.067605"
Cambridge Highlands MA,"42.3889681, -71.1478223"
Four Corners/Geneva MA,"42.305037, -71.076833"
Strawberry Hill MA,"42.3814129, -71.1522784"
Mission Hill MA,"42.329617, -71.1062302"
Brigham Circle MA,"42.3346918, -71.1033995"
Back of the Hill MA,"42.329333, -71.1103329"
Parker Hill MA,"42.3294505, -71.1040666"
North End MA,"42.3647024, -71.0542339"
Ann Street MA,"41.967012, -71.061598"
Hanover Street MA,"42.3643141, -71.053913"
Roslindale MA,"42.2832142, -71.1270268"
Roslindale Square MA,"42.2874821, -71.1303244"
Roxbury MA,"42.3151978, -71.0913748"
Dudley Square MA,"42.3241223, -71.0809757"
East Cambridge MA,"42.3683353, -71.0824613"
Egleston Square MA,"42.3134039, -71.1017736"
Wellington-Harrington MA,"42.3712968, -71.0928603"
Cambridgeport MA,"42.3595761, -71.1077157"
Fort Hill Boston MA,"42.32592, -71.0949608"
Mid-Cambridge MA,"42.3736158, -71.1097335"
Roxbury Crossing MA,"42.3313358, -71.0954743"
Riverside MA,"42.3373744, -71.2525991"
